timestamp,workflow_name,action,notes
2025-10-21 %TIME%,orientation,started,Starting orientation workflow
2025-10-21 %TIME%,orientation,profile_created,Created profile for Kia
2025-10-21 %TIME%,orientation,goals_set,Set personal goals for bootcamp
2025-10-21 %TIME%,orientation,project_defined,Documented initial project idea
2025-10-21 %TIME%,orientation,complete,Orientation finished - workspace ready
2025-10-21 %TIME%,master_orchestration,progress_check,Week 1 check-in - on-track: orientation complete, ready to begin Sprint 1
2025-10-21 %TIME%,master_orchestration,session_complete,Helped with: Designed complete 3-sprint workflow structure for BehaviorShift platform
2025-10-21 %TIME%,sprint1_planning,prompt_files_created,Created 4 detailed prompt files for Sprint 1 workflow steps
2025-10-21 %TIME%,sprint1_planning,yaml_generated,Generated standalone YAML workflow file
2025-10-21 %TIME%,sprint1_planning,experiment_design_created,Created comprehensive experiment design with 3 test scenarios and success metrics
